,Accuracy,Labels
0,0.55,Sorted Labels
1,0.55,Sorted Labels
2,0.4,Sorted Labels
3,0.5,Sorted Labels
4,0.35,Sorted Labels
5,0.35,Sorted Labels
6,0.5,Sorted Labels
7,0.5,Sorted Labels
8,0.35,Sorted Labels
9,0.4,Sorted Labels
10,0.6,Sorted Labels
11,0.5,Sorted Labels
12,0.65,Sorted Labels
13,0.7,Sorted Labels
14,0.45,Sorted Labels
15,0.4,Sorted Labels
16,0.7,Sorted Labels
17,0.6,Sorted Labels
18,0.45,Sorted Labels
19,0.6,Sorted Labels
20,0.45,Sorted Labels
21,0.35,Sorted Labels
22,0.5,Sorted Labels
23,0.6,Sorted Labels
24,0.65,Sorted Labels
25,0.4,Sorted Labels
26,0.55,Sorted Labels
27,0.6,Sorted Labels
28,0.55,Sorted Labels
29,0.6,Sorted Labels
30,0.6,Sorted Labels
31,0.5,Sorted Labels
32,0.7,Sorted Labels
33,0.5,Sorted Labels
34,0.6,Sorted Labels
35,0.4,Sorted Labels
36,0.25,Sorted Labels
37,0.6,Sorted Labels
38,0.6,Sorted Labels
39,0.45,Sorted Labels
40,0.55,Sorted Labels
41,0.4,Sorted Labels
42,0.65,Sorted Labels
43,0.4,Sorted Labels
44,0.6,Sorted Labels
45,0.35,Sorted Labels
46,0.6,Sorted Labels
47,0.55,Sorted Labels
48,0.4,Sorted Labels
49,0.45,Sorted Labels
50,0.55,Sorted Labels
51,0.55,Sorted Labels
52,0.45,Sorted Labels
53,0.7,Sorted Labels
54,0.55,Sorted Labels
55,0.6,Sorted Labels
56,0.5,Sorted Labels
57,0.5,Sorted Labels
58,0.45,Sorted Labels
59,0.45,Sorted Labels
60,0.5,Sorted Labels
61,0.55,Sorted Labels
62,0.6,Sorted Labels
63,0.6,Sorted Labels
64,0.6,Sorted Labels
65,0.45,Sorted Labels
66,0.5,Sorted Labels
67,0.5,Sorted Labels
68,0.5,Sorted Labels
69,0.45,Sorted Labels
70,0.45,Sorted Labels
71,0.4,Sorted Labels
72,0.6,Sorted Labels
73,0.45,Sorted Labels
74,0.5,Sorted Labels
75,0.55,Sorted Labels
76,0.45,Sorted Labels
77,0.75,Sorted Labels
78,0.6,Sorted Labels
79,0.4,Sorted Labels
80,0.65,Sorted Labels
81,0.65,Sorted Labels
82,0.75,Sorted Labels
83,0.55,Sorted Labels
84,0.55,Sorted Labels
85,0.35,Sorted Labels
86,0.4,Sorted Labels
87,0.4,Sorted Labels
88,0.6,Sorted Labels
89,0.35,Sorted Labels
90,0.6,Sorted Labels
91,0.6,Sorted Labels
92,0.6,Sorted Labels
93,0.5,Sorted Labels
94,0.45,Sorted Labels
95,0.45,Sorted Labels
96,0.65,Sorted Labels
97,0.35,Sorted Labels
98,0.5,Sorted Labels
99,0.35,Sorted Labels
100,0.5,Sorted Labels
101,0.55,Sorted Labels
102,0.45,Sorted Labels
103,0.55,Sorted Labels
104,0.45,Sorted Labels
105,0.55,Sorted Labels
106,0.55,Sorted Labels
107,0.75,Sorted Labels
108,0.5,Sorted Labels
109,0.55,Sorted Labels
110,0.55,Sorted Labels
111,0.5,Sorted Labels
112,0.6,Sorted Labels
113,0.6,Sorted Labels
114,0.5,Sorted Labels
115,0.4,Sorted Labels
116,0.45,Sorted Labels
117,0.65,Sorted Labels
118,0.3,Sorted Labels
119,0.65,Sorted Labels
120,0.45,Sorted Labels
121,0.5,Sorted Labels
122,0.55,Sorted Labels
123,0.5,Sorted Labels
124,0.55,Sorted Labels
125,0.5,Sorted Labels
126,0.35,Sorted Labels
127,0.5,Sorted Labels
128,0.4,Sorted Labels
129,0.4,Sorted Labels
130,0.5,Sorted Labels
131,0.45,Sorted Labels
132,0.4,Sorted Labels
133,0.55,Sorted Labels
134,0.5,Sorted Labels
135,0.55,Sorted Labels
136,0.6,Sorted Labels
137,0.6,Sorted Labels
138,0.4,Sorted Labels
139,0.4,Sorted Labels
140,0.35,Sorted Labels
141,0.45,Sorted Labels
142,0.7,Sorted Labels
143,0.55,Sorted Labels
144,0.45,Sorted Labels
145,0.4,Sorted Labels
146,0.45,Sorted Labels
147,0.55,Sorted Labels
148,0.55,Sorted Labels
149,0.4,Sorted Labels
150,0.4,Sorted Labels
151,0.6,Sorted Labels
152,0.6,Sorted Labels
153,0.45,Sorted Labels
154,0.45,Sorted Labels
155,0.65,Sorted Labels
156,0.4,Sorted Labels
157,0.6,Sorted Labels
158,0.4,Sorted Labels
159,0.45,Sorted Labels
160,0.65,Sorted Labels
161,0.5,Sorted Labels
162,0.45,Sorted Labels
163,0.75,Sorted Labels
164,0.4,Sorted Labels
165,0.5,Sorted Labels
166,0.6,Sorted Labels
167,0.65,Sorted Labels
168,0.6,Sorted Labels
169,0.5,Sorted Labels
170,0.6,Sorted Labels
171,0.35,Sorted Labels
172,0.5,Sorted Labels
173,0.55,Sorted Labels
174,0.5,Sorted Labels
175,0.6,Sorted Labels
176,0.6,Sorted Labels
177,0.45,Sorted Labels
178,0.35,Sorted Labels
179,0.5,Sorted Labels
180,0.55,Sorted Labels
181,0.55,Sorted Labels
182,0.5,Sorted Labels
183,0.6,Sorted Labels
184,0.25,Sorted Labels
185,0.65,Sorted Labels
186,0.5,Sorted Labels
187,0.5,Sorted Labels
188,0.3,Sorted Labels
189,0.6,Sorted Labels
190,0.55,Sorted Labels
191,0.45,Sorted Labels
192,0.55,Sorted Labels
193,0.65,Sorted Labels
194,0.5,Sorted Labels
195,0.6,Sorted Labels
196,0.6,Sorted Labels
197,0.5,Sorted Labels
198,0.5,Sorted Labels
199,0.45,Sorted Labels
200,0.45,Sorted Labels
201,0.55,Sorted Labels
202,0.4,Sorted Labels
203,0.55,Sorted Labels
204,0.5,Sorted Labels
205,0.65,Sorted Labels
206,0.5,Sorted Labels
207,0.45,Sorted Labels
208,0.7,Sorted Labels
209,0.35,Sorted Labels
210,0.5,Sorted Labels
211,0.55,Sorted Labels
212,0.5,Sorted Labels
213,0.5,Sorted Labels
214,0.7,Sorted Labels
215,0.55,Sorted Labels
216,0.45,Sorted Labels
217,0.5,Sorted Labels
218,0.5,Sorted Labels
219,0.4,Sorted Labels
220,0.55,Sorted Labels
221,0.7,Sorted Labels
222,0.35,Sorted Labels
223,0.45,Sorted Labels
224,0.6,Sorted Labels
225,0.5,Sorted Labels
226,0.45,Sorted Labels
227,0.3,Sorted Labels
228,0.4,Sorted Labels
229,0.75,Sorted Labels
230,0.4,Sorted Labels
231,0.7,Sorted Labels
232,0.45,Sorted Labels
233,0.55,Sorted Labels
234,0.6,Sorted Labels
235,0.6,Sorted Labels
236,0.65,Sorted Labels
237,0.4,Sorted Labels
238,0.45,Sorted Labels
239,0.25,Sorted Labels
240,0.5,Sorted Labels
241,0.4,Sorted Labels
242,0.5,Sorted Labels
243,0.55,Sorted Labels
244,0.65,Sorted Labels
245,0.65,Sorted Labels
246,0.55,Sorted Labels
247,0.55,Sorted Labels
248,0.45,Sorted Labels
249,0.8,Sorted Labels
250,0.1,Random Labels
251,0.25,Random Labels
252,0.2,Random Labels
253,0.15,Random Labels
254,0.2,Random Labels
255,0.2,Random Labels
256,0.2,Random Labels
257,0.2,Random Labels
258,0.1,Random Labels
259,0.15,Random Labels
260,0.2,Random Labels
261,0.3,Random Labels
262,0.15,Random Labels
263,0.2,Random Labels
264,0.2,Random Labels
265,0.25,Random Labels
266,0.3,Random Labels
267,0.1,Random Labels
268,0.15,Random Labels
269,0.15,Random Labels
270,0.2,Random Labels
271,0.1,Random Labels
272,0.2,Random Labels
273,0.25,Random Labels
274,0.2,Random Labels
275,0.1,Random Labels
276,0.2,Random Labels
277,0.25,Random Labels
278,0.25,Random Labels
279,0.25,Random Labels
280,0.35,Random Labels
281,0.2,Random Labels
282,0.15,Random Labels
283,0.1,Random Labels
284,0.4,Random Labels
285,0.25,Random Labels
286,0.25,Random Labels
287,0.2,Random Labels
288,0.1,Random Labels
289,0.1,Random Labels
290,0.1,Random Labels
291,0.15,Random Labels
292,0.15,Random Labels
293,0.2,Random Labels
294,0.1,Random Labels
295,0.1,Random Labels
296,0.15,Random Labels
297,0.25,Random Labels
298,0.15,Random Labels
299,0.25,Random Labels
300,0.1,Random Labels
301,0.2,Random Labels
302,0.3,Random Labels
303,0.15,Random Labels
304,0.2,Random Labels
305,0.05,Random Labels
306,0.2,Random Labels
307,0.15,Random Labels
308,0.15,Random Labels
309,0.1,Random Labels
310,0.25,Random Labels
311,0.2,Random Labels
312,0.05,Random Labels
313,0.2,Random Labels
314,0.1,Random Labels
315,0.1,Random Labels
316,0.3,Random Labels
317,0.2,Random Labels
318,0.2,Random Labels
319,0.2,Random Labels
320,0.15,Random Labels
321,0.15,Random Labels
322,0.1,Random Labels
323,0.05,Random Labels
324,0.05,Random Labels
325,0.1,Random Labels
326,0.15,Random Labels
327,0.1,Random Labels
328,0.05,Random Labels
329,0.1,Random Labels
330,0.05,Random Labels
331,0.2,Random Labels
332,0.15,Random Labels
333,0.1,Random Labels
334,0.2,Random Labels
335,0.25,Random Labels
336,0.3,Random Labels
337,0.15,Random Labels
338,0.15,Random Labels
339,0.05,Random Labels
340,0.1,Random Labels
341,0.05,Random Labels
342,0.3,Random Labels
343,0.15,Random Labels
344,0.15,Random Labels
345,0.05,Random Labels
346,0.2,Random Labels
347,0.15,Random Labels
348,0.35,Random Labels
349,0.05,Random Labels
350,0.2,Random Labels
351,0.2,Random Labels
352,0.2,Random Labels
353,0.3,Random Labels
354,0.15,Random Labels
355,0.3,Random Labels
356,0.15,Random Labels
357,0.3,Random Labels
358,0.1,Random Labels
359,0.2,Random Labels
360,0.35,Random Labels
361,0.15,Random Labels
362,0.1,Random Labels
363,0.3,Random Labels
364,0.15,Random Labels
365,0.2,Random Labels
366,0.1,Random Labels
367,0.15,Random Labels
368,0.15,Random Labels
369,0.3,Random Labels
370,0.2,Random Labels
371,0.15,Random Labels
372,0.25,Random Labels
373,0.2,Random Labels
374,0.25,Random Labels
375,0.15,Random Labels
376,0.2,Random Labels
377,0.15,Random Labels
378,0.15,Random Labels
379,0.35,Random Labels
380,0.25,Random Labels
381,0.15,Random Labels
382,0.2,Random Labels
383,0.05,Random Labels
384,0.15,Random Labels
385,0.25,Random Labels
386,0.2,Random Labels
387,0.25,Random Labels
388,0.2,Random Labels
389,0.2,Random Labels
390,0.1,Random Labels
391,0.2,Random Labels
392,0.2,Random Labels
393,0.2,Random Labels
394,0.3,Random Labels
395,0.15,Random Labels
396,0.15,Random Labels
397,0.1,Random Labels
398,0.2,Random Labels
399,0.1,Random Labels
400,0.15,Random Labels
401,0.25,Random Labels
402,0.15,Random Labels
403,0.1,Random Labels
404,0.25,Random Labels
405,0.25,Random Labels
406,0.2,Random Labels
407,0.05,Random Labels
408,0.25,Random Labels
409,0.25,Random Labels
410,0.3,Random Labels
411,0.25,Random Labels
412,0.15,Random Labels
413,0.05,Random Labels
414,0.25,Random Labels
415,0.1,Random Labels
416,0.1,Random Labels
417,0.15,Random Labels
418,0.2,Random Labels
419,0.15,Random Labels
420,0.25,Random Labels
421,0.2,Random Labels
422,0.15,Random Labels
423,0.25,Random Labels
424,0.3,Random Labels
425,0.2,Random Labels
426,0.05,Random Labels
427,0.2,Random Labels
428,0.1,Random Labels
429,0.25,Random Labels
430,0.25,Random Labels
431,0.15,Random Labels
432,0.15,Random Labels
433,0.25,Random Labels
434,0.1,Random Labels
435,0.3,Random Labels
436,0.3,Random Labels
437,0.15,Random Labels
438,0.15,Random Labels
439,0.2,Random Labels
440,0.15,Random Labels
441,0.25,Random Labels
442,0.2,Random Labels
443,0.15,Random Labels
444,0.2,Random Labels
445,0.2,Random Labels
446,0.25,Random Labels
447,0.15,Random Labels
448,0.25,Random Labels
449,0.35,Random Labels
450,0.15,Random Labels
451,0.05,Random Labels
452,0.2,Random Labels
453,0.3,Random Labels
454,0.25,Random Labels
455,0.1,Random Labels
456,0.1,Random Labels
457,0.25,Random Labels
458,0.05,Random Labels
459,0.25,Random Labels
460,0.15,Random Labels
461,0.15,Random Labels
462,0.2,Random Labels
463,0.1,Random Labels
464,0.25,Random Labels
465,0.2,Random Labels
466,0.35,Random Labels
467,0.15,Random Labels
468,0.25,Random Labels
469,0.15,Random Labels
470,0.2,Random Labels
471,0.2,Random Labels
472,0.2,Random Labels
473,0.2,Random Labels
474,0.1,Random Labels
475,0.15,Random Labels
476,0.15,Random Labels
477,0.25,Random Labels
478,0.1,Random Labels
479,0.15,Random Labels
480,0.2,Random Labels
481,0.2,Random Labels
482,0.15,Random Labels
483,0.1,Random Labels
484,0.15,Random Labels
485,0.35,Random Labels
486,0.05,Random Labels
487,0.2,Random Labels
488,0.0,Random Labels
489,0.25,Random Labels
490,0.05,Random Labels
491,0.25,Random Labels
492,0.2,Random Labels
493,0.2,Random Labels
494,0.35,Random Labels
495,0.25,Random Labels
496,0.15,Random Labels
497,0.35,Random Labels
498,0.2,Random Labels
499,0.15,Random Labels
